<?xml version="1.0" encoding="utf-8"?>
<Application>
	<Layouts>
		<Layout  Description="">
			<DEF>
				<Controls>
					<Labels>
						<Label Name="LabelLeft01">
							<Visible>1</Visible>
							<Enabled>1</Enabled>
							<PositionX>200</PositionX>
							<PositionY>35</PositionY>
							<Width>1350</Width>
							<Height>150</Height>
							<BackgroundColor/>
							<Font>Arial</Font>
							<FontColor>000000000</FontColor>
							<FontStyle>5</FontStyle>
							<FontSize>60</FontSize>
							<Border>0</Border>
<TextAlignment>2</TextAlignment>
						</Label>
					</Labels>
					<Buttons />
					<Images>
						<Image Name="Image01">
							<Visible>1</Visible>
							<Enabled>1</Enabled>
							<PositionX>200</PositionX>
							<PositionY>200</PositionY>
							<Width>1500</Width>
							<Height>750</Height>
							<BackgroundColor>000000000</BackgroundColor>
							<FontColor>000000000</FontColor>
							<Border>0</Border>
						</Image>
					</Images>
					<Shapes>
						<Shape Name="Shape01">
							<Visible>1</Visible>
							<Enabled>1</Enabled>
							<PositionX>194</PositionX>
							<PositionY>175</PositionY>
							<Width>1545</Width>
							<Height>800</Height>
							<BackgroundColor>255255255</BackgroundColor>
							<Border>0</Border>
						</Shape>
					</Shapes>
					<Inputfields />
					<HTMLViewers>
					</HTMLViewers>
				</Controls>
			</DEF>
			<INF>
				<Controls>
					<Labels>
						<Label Name="LabelLeft01">
							<Text/>
						</Label>
					</Labels>
					<Buttons />
					<Images>
					</Images>
					<Shapes />
					<Inputfields />
					<HTMLViewers>
					</HTMLViewers>
				</Controls>
			</INF>
		</Layout>
	</Layouts>
</Application>