<?xml version="1.0" encoding="utf-8"?>
<Application>
	<Sequences>
		<Sequence Name="Kirchen"
        			Taktintervall="20000">
			<Tracks>
				<Track Index="1">
					<Controls>
						<Control Name="LabelLeft01"
       							Property="Text"
       							Value=""/>
						<Control Name="LabelLeft01"
       							Property="Visible"
       							Value="0"/>
						<Control Name="Image01"
       							Property="Image"
       							Value="willk-1_1720x480.jpg"/>
						<Control Name="Image01"
       							Property="Visible"
       							Value="1"/>
					</Controls>
				</Track>
				<Track Index="2">
					<Controls>
						<Control Name="LabelLeft01"
       							Property="Text"
       							Value=""/>
						<Control Name="LabelLeft01"
       							Property="Visible"
       							Value="0"/>
						<Control Name="Image01"
       							Property="Image"
       							Value="team-1_1720x480.jpg"/>
						<Control Name="Image01"
       							Property="Visible"
       							Value="1"/>
					</Controls>
				</Track>
				<Track Index="3">
					<Controls>
						<Control Name="LabelLeft01"
       							Property="Text"
       							Value=""/>
						<Control Name="LabelLeft01"
       							Property="Visible"
       							Value="0"/>
						<Control Name="Image01"
       							Property="Image"
       							Value="willk-2_1720x480.jpg"/>
						<Control Name="Image01"
       							Property="Visible"
       							Value="1"/>
					</Controls>
				</Track>
								<Track Index="4">
					<Controls>
						<Control Name="LabelLeft01"
       							Property="Text"
       							Value=""/>
						<Control Name="LabelLeft01"
       							Property="Visible"
       							Value="0"/>
						<Control Name="Image01"
       							Property="Image"
       							Value="geschichte-abru_720x480.jpg"/>
						<Control Name="Image01"
       							Property="Visible"
       							Value="1"/>
					</Controls>
				</Track>
				<Track Index="5">
					<Controls>
						<Control Name="LabelLeft01"
       							Property="Text"
       							Value=""/>
						<Control Name="LabelLeft01"
       							Property="Visible"
       							Value="0"/>
						<Control Name="Image01"
       							Property="Image"
       							Value="praxis1_720x480.jpg"/>
						<Control Name="Image01"
       							Property="Visible"
       							Value="1"/>
					</Controls>
				</Track>
				<Track Index="6">
					<Controls>
						<Control Name="LabelLeft01"
       							Property="Text"
       							Value=""/>
						<Control Name="LabelLeft01"
       							Property="Visible"
       							Value="0"/>
						<Control Name="Image01"
       							Property="Image"
       							Value="praxis2a_720x480.jpg"/>
						<Control Name="Image01"
       							Property="Visible"
       							Value="1"/>
					</Controls>
				</Track>
				<Track Index="7">
					<Controls>
						<Control Name="LabelLeft01"
       							Property="Text"
       							Value=""/>
						<Control Name="LabelLeft01"
       							Property="Visible"
       							Value="0"/>
						<Control Name="Image01"
       							Property="Image"
       							Value="t-michael_720x480.jpg"/>
						<Control Name="Image01"
       							Property="Visible"
       							Value="1"/>
					</Controls>
				</Track>
				<Track Index="8">
					<Controls>
						<Control Name="LabelLeft01"
       							Property="Text"
       							Value=""/>
						<Control Name="LabelLeft01"
       							Property="Visible"
       							Value="0"/>
						<Control Name="Image01"
       							Property="Image"
       							Value="t-persa_720x480.jpg"/>
						<Control Name="Image01"
       							Property="Visible"
       							Value="1"/>
					</Controls>
				</Track>
				<Track Index="9">
					<Controls>
						<Control Name="LabelLeft01"
       							Property="Text"
       							Value=""/>
						<Control Name="LabelLeft01"
       							Property="Visible"
       							Value="0"/>
						<Control Name="Image01"
       							Property="Image"
       							Value="t-emilia_720x480.jpg"/>
						<Control Name="Image01"
       							Property="Visible"
       							Value="1"/>
					</Controls>
				</Track>
				<Track Index="10">
					<Controls>
						<Control Name="LabelLeft01"
       							Property="Text"
       							Value=""/>
						<Control Name="LabelLeft01"
       							Property="Visible"
       							Value="0"/>
						<Control Name="Image01"
       							Property="Image"
       							Value="t-cristina_720x480.jpg"/>
						<Control Name="Image01"
       							Property="Visible"
       							Value="1"/>
					</Controls>
				</Track>
				<Track Index="11">
					<Controls>
						<Control Name="LabelLeft01"
       							Property="Text"
       							Value=""/>
						<Control Name="LabelLeft01"
       							Property="Visible"
       							Value="0"/>
						<Control Name="Image01"
       							Property="Image"
       							Value="t-laura-lamade_720x480.jpg"/>
						<Control Name="Image01"
       							Property="Visible"
       							Value="1"/>
					</Controls>
				</Track>
				<Track Index="12">
					<Controls>
						<Control Name="LabelLeft01"
       							Property="Text"
       							Value=""/>
						<Control Name="LabelLeft01"
       							Property="Visible"
       							Value="0"/>
						<Control Name="Image01"
       							Property="Image"
       							Value="t-christina_720x480.jpg"/>
						<Control Name="Image01"
       							Property="Visible"
       							Value="1"/>
					</Controls>
				</Track>
				<Track Index="13">
					<Controls>
						<Control Name="LabelLeft01"
       							Property="Text"
       							Value=""/>
						<Control Name="LabelLeft01"
       							Property="Visible"
       							Value="0"/>
						<Control Name="Image01"
       							Property="Image"
       							Value="t-jamin_720x480.jpg"/>
						<Control Name="Image01"
       							Property="Visible"
       							Value="1"/>
					</Controls>
				</Track>
				<Track Index="14">
					<Controls>
						<Control Name="LabelLeft01"
       							Property="Text"
       							Value=""/>
						<Control Name="LabelLeft01"
       							Property="Visible"
       							Value="0"/>
						<Control Name="Image01"
       							Property="Image"
       							Value="t-emil_720x480.jpg"/>
						<Control Name="Image01"
       							Property="Visible"
       							Value="1"/>
					</Controls>
				</Track>
				<Track Index="15">
					<Controls>
						<Control Name="LabelLeft01"
       							Property="Text"
       							Value=""/>
						<Control Name="LabelLeft01"
       							Property="Visible"
       							Value="0"/>
						<Control Name="Image01"
       							Property="Image"
       							Value="t-adela_720x480.jpg"/>
						<Control Name="Image01"
       							Property="Visible"
       							Value="1"/>
					</Controls>
				</Track>
				<Track Index="16">
					<Controls>
						<Control Name="LabelLeft01"
       							Property="Text"
       							Value=""/>
						<Control Name="LabelLeft01"
       							Property="Visible"
       							Value="0"/>
						<Control Name="Image01"
       							Property="Image"
       							Value="t-mobile-praxis_720x480.jpg"/>
						<Control Name="Image01"
       							Property="Visible"
       							Value="1"/>
					</Controls>
				</Track>
			</Tracks>
		</Sequence>
	</Sequences>
</Application>